side,entry_ms,exit_ms,fill,stop,target,exit,how,risk,stop_atr,r_gross,r_net,sweep_ms
1,1516207500000,1516208760000,1336.4999999999998,1334.2859441432488,1340.9281117135017,1334.2559441432488,stop,2.2140558567509743,2.9897106776971114,-1.0135497936551594,-1.032591318678772,1516206600000
1,1518442500000,1518444060000,1321.76,1320.495518617473,1324.288962765054,1320.465518617473,stop,1.2644813825270376,2.320942171209253,-1.0237251417177993,-1.057066083373853,1518442200000
-1,1519209000000,1519212960000,1326.91,1328.4983861894316,1323.733227621137,1328.5283861894316,stop,1.5883861894315032,2.7204827115620036,-1.0188870944607684,-1.0454291283065102,1519208100000
1,1519840200000,1519869000000,1318.52,1315.8101104066034,1323.9397791867932,1317.58,time,2.7098895933966105,2.712884797351334,-0.346877600582187,-0.3624350609682972,1519839900000
1,1520253300000,1520256420000,1326.55,1325.0273442514858,1329.5953114970282,1324.9973442514859,stop,1.5226557485141257,2.8917179823267385,-1.0197024179820344,-1.0473902259722125,1520253000000
1,1520940300000,1520943540000,1318.7399999999998,1317.3100301108636,1321.599939778272,1317.2800301108637,stop,1.4299698891361459,2.3844797943278517,-1.0209794627340691,-1.0504619017142833,1520939700000
-1,1525889400000,1525918200000,1314.96,1317.6542599801035,1309.5714800397932,1313.4799999999998,time,2.694259980103425,2.5841746540036508,0.549315957231207,0.5336682467981619,1525888800000
1,1530711000000,1530713580000,1257.27,1255.906957809868,1259.9960843802642,1255.876957809868,stop,1.3630421901320915,2.56973210708947,-1.022009590177884,-1.0529396672548925,1530710100000
-1,1531867500000,1531888620000,1227.65,1229.0213083105646,1224.9073833788711,1229.0513083105645,stop,1.3713083105644728,2.672682642377444,-1.0218769183916225,-1.0526205518073977,1531864800000
1,1532371200000,1532373960000,1225.4799999999998,1223.767805762574,1228.9043884748514,1223.737805762574,stop,1.7121942374258197,2.0831073942002547,-1.01752137657295,-1.042144167070939,1532370600000
1,1534976100000,1534993800000,1195.77,1194.3809492440569,1198.5481015118862,1194.350949244057,stop,1.389050755943117,2.011637290525908,-1.0215974829369023,-1.0519484257081588,1534975200000
-1,1535549700000,1535558880000,1203.42,1205.2575197823855,1199.7449604352291,1205.2875197823855,stop,1.8375197823854705,2.721453946474447,-1.0163263548439336,-1.0392697813061342,1535547600000
1,1537539900000,1537541700000,1205.85,1204.5921062158845,1208.3657875682306,1204.5621062158846,stop,1.2578937841153675,2.172761382475741,-1.023849390448392,-1.0573649388455477,1537539300000
-1,1537797600000,1537798560000,1198.6000000000001,1199.843537962271,1196.1129240754583,1199.873537962271,stop,1.2435379622709206,2.3227218771862366,-1.0241247158592468,-1.0580271790562772,1537796700000
1,1538690100000,1538718900000,1198.83,1196.8111851471647,1202.8676297056704,1199.24,time,2.0188148528352485,2.933690576459174,0.2030894509341819,0.18220640663678564,1538689500000
-1,1539793200000,1539795660000,1225.89,1228.4817839756868,1220.7064320486268,1228.5117839756867,stop,2.591783975686667,2.823787002349554,-1.011575038769203,-1.0278414407515792,1539792900000
-1,1540998600000,1541004000000,1216.9,1218.928647269378,1212.8427054612443,1212.8427054612443,target,2.0286472693778705,2.955175475666307,2.0,1.9792181713221497,1540997100000
1,1543240800000,1543241280000,1226.4699999999998,1225.2278672952425,1228.9542654095144,1225.1978672952425,stop,1.2421327047572959,2.948143756514526,-1.0241520087870437,-1.0580928267355074,1543239900000
-1,1544041500000,1544064000000,1237.92,1239.2255640161245,1235.3088719677512,1239.2555640161245,stop,1.3055640161244355,2.865340080097753,-1.022978574493059,-1.0552703652281843,1544040900000
-1,1544449800000,1544455380000,1246.63,1247.9548138132984,1243.9803723734035,1243.9803723734035,target,1.3248138132983058,2.9562621785208556,2.0,1.9681774151380267,1544449500000
-1,1544733300000,1544762100000,1242.45,1244.028709553009,1239.292580893982,1242.4399999999998,time,1.5787095530090482,2.6890164753291863,0.006334287381208344,-0.020370434788645007,1544733000000
-1,1551716400000,1551726060000,1286.65,1289.7991093480096,1280.3517813039812,1289.8291093480095,stop,3.1491093480094605,2.8861957343294247,-1.0095265031107719,-1.0229140979323517,1551714300000
-1,1551901200000,1551924360000,1286.38,1287.855825400136,1283.4283491997285,1287.885825400136,stop,1.4758254001358182,2.242030275677161,-1.0203276078574144,-1.0488939951794651,1551900600000
1,1553524200000,1553533740000,1317.57,1316.0566965316082,1320.5966069367835,1320.5966069367835,target,1.5133034683917685,2.839033770316791,2.0,1.9721410801728991,1553523300000
1,1554730500000,1554737880000,1297.7499999999998,1296.4671885420635,1300.3156229158724,1300.3156229158724,target,1.2828114579363046,2.996420864335018,2.0,1.967135466604093,1554729300000
-1,1554902400000,1554909660000,1304.1100000000001,1305.0802407282397,1302.169518543521,1302.169518543521,target,0.9702407282395598,2.4110913760258716,2.0,1.9565478970600472,1554900300000
1,1557783300000,1557803340000,1300.09,1298.660274579984,1302.949450840032,1302.949450840032,target,1.4297254200159841,2.050508149947353,2.0,1.9705125198099027,1557783000000
1,1561639800000,1561650360000,1403.8,1401.4107919021217,1408.5784161957565,1401.3807919021217,stop,2.3892080978782815,2.6782412748395865,-1.0125564617107292,-1.0302020573528328,1561638600000
1,1562154600000,1562164560000,1425.2299999999998,1422.2240425624627,1431.241914875074,1422.1940425624628,stop,3.005957437537063,2.592293777250391,-1.0099801812312263,-1.0240053299154814,1562153400000
1,1570118100000,1570119780000,1502.4899999999998,1498.6278233630908,1510.2143532738178,1498.5978233630908,stop,3.8621766369089983,2.7164636334565224,-1.0077676405872473,-1.0186835059045158,1570117500000
-1,1570644300000,1570661040000,1507.01,1509.5204610932112,1501.9890778135775,1509.5504610932112,stop,2.5104610932112337,2.0840430933222573,-1.011949995991214,-1.028743325357682,1570644000000
-1,1571425500000,1571442900000,1490.53,1492.946393368056,1485.6972132638878,1490.3700000000001,time,2.416393368056106,2.271187962373579,0.06621438467552501,0.04876730815341252,1571424300000
1,1572036000000,1572047700000,1503.55,1500.4861479237893,1509.6777041524213,1504.29,time,3.063852076210651,2.4737995275937728,0.24152602070633758,0.22776589164288033,1572035400000
-1,1573140900000,1573144080000,1483.1200000000001,1486.695111475402,1475.9697770491964,1486.725111475402,stop,3.5751114754018545,2.8575408162283513,-1.0083913467332093,-1.0201837062973993,1573139700000
1,1577698500000,1577702220000,1514.31,1512.829061594369,1517.2718768112618,1512.799061594369,stop,1.4809384056309227,2.907312051255881,-1.0202574258901684,-1.0487251864936482,1577697300000
-1,1579619700000,1579623600000,1555.18,1558.0601033185342,1549.4197933629318,1549.4197933629318,target,2.880103318534111,2.6158188117082566,2.0,1.985361983464726,1579617000000
-1,1579724400000,1579731960000,1557.14,1558.6315501847891,1554.156899630422,1558.6615501847891,stop,1.4915501847890482,2.423307403376919,-1.0201133024593576,-1.0483785264055183,1579724100000
-1,1579793700000,1579796160000,1555.18,1557.7682346896022,1550.0035306207958,1557.7982346896022,stop,2.5882346896021318,2.933352745124318,-1.0115909117981046,-1.0278796201479956,1579793400000
1,1585251900000,1585260900000,1635.31,1620.0164818029832,1665.8970363940334,1619.9864818029832,stop,15.293518197016738,2.9781842758179473,-1.0019616153466784,-1.004718273393368,1585250100000
-1,1586365500000,1586394300000,1647.1100000000001,1656.8809976661323,1627.5680046677357,1645.72,time,9.770997666132189,2.9519838554461693,0.14225773534037964,0.13794302752439788,1586362500000
1,1586785500000,1586786580000,1691.8,1686.6140990095878,1702.1718019808243,1686.54,stop,5.185900990412165,2.9481931729088813,-1.014288550769639,-1.02241809278711,1586783700000
-1,1589290800000,1589302680000,1703.2,1707.5190339766955,1694.5619320466092,1707.5490339766955,stop,4.319033976695437,2.898019681457012,-1.0069459976841688,-1.01670720822974,1589290200000
1,1589467200000,1589468940000,1717.22,1713.1658550629306,1725.3282898741388,1713.1358550629307,stop,4.054144937069395,2.812547578496459,-1.0073998341119148,-1.017798820989398,1589466600000
-1,1589893500000,1589905680000,1734.41,1739.1909389232392,1724.848122153522,1739.2209389232391,stop,4.780938923239091,2.7968696845891445,-1.0062749180614188,-1.0150930604131385,1589891400000
1,1589977200000,1589989320000,1750.3799999999999,1746.431769238579,1758.2764615228418,1746.401769238579,stop,3.948230761420973,2.6635704516206467,-1.0075983400699648,-1.018276287370296,1589976900000
1,1590175800000,1590191700000,1733.9499999999998,1729.9777890897042,1741.894421820591,1735.42,time,3.9722109102956438,2.4487939208575384,0.37007098394250304,0.3594574991724151,1590174000000
1,1591358100000,1591360980000,1711.28,1706.8569195710168,1720.1261608579664,1706.8269195710168,stop,4.423080428983212,2.8893833511985574,-1.0067826033194855,-1.016314195764367,1591355700000
1,1591636200000,1591665000000,1691.9599999999998,1685.8298052629823,1704.2203894740348,1699.58,time,6.1301947370175185,2.7839878554974513,1.2430273958486715,1.2361501265597499,1591634700000
1,1594161300000,1594164660000,1796.6,1794.68598776178,1800.4280244764395,1794.6559877617801,stop,1.9140122382198115,2.278254071999189,-1.0156738809715633,-1.0377003859009213,1594160100000
-1,1597062900000,1597077120000,2032.09,2035.8310505720365,2024.6078988559268,2035.8610505720364,stop,3.7410505720365563,2.187102052621794,-1.008019137785577,-1.0192884321156586,1597061700000
1,1597758300000,1597760940000,2008.29,2003.6626287061645,2017.544742587671,2003.6326287061645,stop,4.627371293835495,2.4696265895975933,-1.0064831624901027,-1.0155939507374525,1597757400000
-1,1599505800000,1599528240000,1929.68,1931.5846426035707,1925.8707147928587,1931.6146426035707,stop,1.9046426035706645,1.6613741700269926,-1.0157509865335004,-1.0378858479090487,1599505200000
1,1599733500000,1599746340000,1945.1,1942.205360273667,1950.8892794526655,1950.8892794526655,target,2.894639726332798,2.1499150400650593,2.0,1.9854354931923046,1599732900000
-1,1600962000000,1600966920000,1855.25,1861.9002168808177,1841.9495662383647,1861.9302168808176,stop,6.650216880817652,2.657781065402508,-1.0045111310710042,-1.010850623565092,1600961400000
-1,1601051100000,1601052300000,1858.2,1864.133245966627,1846.333508066746,1864.163245966627,stop,5.933245966627055,2.2538791544069965,-1.0050562542272332,-1.0121618082927706,1601050500000
-1,1602104400000,1602133020000,1885.38,1889.0767720337592,1877.986455932482,1889.1067720337592,stop,3.696772033759089,2.358055799310668,-1.0081151879872525,-1.0195194616657488,1602103500000
1,1602169200000,1602170580000,1892.6499999999999,1890.026054432099,1897.8978911358015,1897.8978911358015,target,2.623945567900819,2.3028061698551463,2.0,1.9839329746334153,1602168300000
-1,1605193500000,1605195300000,1869.1100000000001,1872.8344163397624,1861.6611673204757,1872.8644163397623,stop,3.7244163397622287,2.9935106167496897,-1.0080549533841558,-1.01937457937492,1605192300000
1,1605631800000,1605634380000,1890.4599999999998,1885.9476009993678,1899.484798001264,1885.9176009993678,stop,4.512399000632058,2.229457154697245,-1.0066483482501816,-1.01599127204617,1605631500000
1,1608239400000,1608259740000,1885.4499999999998,1882.4083451747892,1891.533309650421,1882.3783451747893,stop,3.0416548252105713,2.0056432896116645,-1.0098630520962864,-1.0237235992072102,1608238800000
-1,1608308700000,1608335700000,1883.2,1889.9896310729453,1869.6207378541096,1880.9199999999998,time,6.7896310729452125,2.9567562376739946,0.3358061690693865,0.3295968478931606,1608306300000
1,1609867800000,1609896600000,1946.79,1938.7178661725268,1962.9342676549463,1951.3500000000001,time,8.07213382747318,2.763162998716405,0.5649063924684199,0.5596836098806841,1609866900000
-1,1611315300000,1611318660000,1860.56,1864.1202722809635,1853.4394554380729,1853.4394554380729,target,3.560272280963545,2.9601769023112947,2.0,1.988158489948811,1611314100000
-1,1614177600000,1614180000000,1807.3500000000001,1810.636753863672,1800.7764922726562,1800.7764922726562,target,3.2867538636719473,2.4034084123226007,2.0,1.9871730583582854,1614177000000
-1,1614357300000,1614359040000,1758.73,1767.4879323619614,1741.2141352760773,1741.2141352760773,target,8.757932361961366,2.8441091109007126,2.0,1.9951861925557781,1614354300000
1,1615915200000,1615919520000,1735.28,1730.0420678112607,1745.7558643774785,1730.0120678112607,stop,5.237932188739251,2.519057881559977,-1.0057274510090963,-1.0137762379121866,1615913100000
1,1616504700000,1616515740000,1739.1799999999998,1736.068594011554,1745.4028119768914,1736.038594011554,stop,3.1114059884457674,2.5628109686107545,-1.0096419432601782,-1.0231917661237189,1616503500000
1,1618411200000,1618416720000,1744.1899999999998,1741.5859831526561,1749.3980336946872,1741.5559831526562,stop,2.6040168473437006,2.503456809006773,-1.0115206627908628,-1.0277106502108773,1618408800000
-1,1619622300000,1619625480000,1765.71,1769.2495273894472,1758.6309452211058,1769.2795273894471,stop,3.53952738944713,2.7326478241778003,-1.0084757078273827,-1.0203866200372145,1619621100000
1,1621519200000,1621529400000,1868.9999999999998,1865.0151377687207,1876.969724462558,1876.969724462558,target,3.9848622312790667,2.9547651655161613,2.0,1.989420211401771,1621516500000
-1,1621939500000,1621962240000,1883.68,1887.5001452576196,1876.039709484761,1887.5301452576196,stop,3.820145257619515,2.725846969427184,-1.0078531045226973,-1.018889072308454,1621937700000
-1,1622565600000,1622569500000,1907.15,1912.2640356358,1896.9219287284004,1896.9219287284004,target,5.114035635799837,2.6356167075768626,2.0,1.9917562170070005,1622565000000
-1,1622631300000,1622646000000,1898.33,1900.9530743614869,1893.083851277026,1900.9830743614868,stop,2.6230743614869425,2.131292277121354,-1.0114369613154872,-1.0275093230521561,1622630700000
-1,1623777000000,1623787080000,1862.8500000000001,1868.3993121016465,1851.7513757967074,1851.7513757967074,target,5.549312101646365,2.7842323952221726,2.0,1.9924028421491211,1623776400000
1,1624027500000,1624029360000,1793.6899999999998,1790.4864417393521,1800.0971165212952,1790.4564417393522,stop,3.2035582606476964,2.3986223278981607,-1.009364586987067,-1.0225246410800044,1624025700000
1,1624038000000,1624048200000,1778.4999999999998,1768.7107117566852,1798.078576486629,1768.6807117566852,stop,9.789288243314559,2.9728629679494363,-1.0030645741809125,-1.0073712202773528,1624036500000
1,1624893600000,1624894440000,1776.7299999999998,1773.5910753927642,1783.007849214471,1773.5610753927642,stop,3.1389246072355945,2.639423984820126,-1.0095574133672467,-1.0229884463722503,1624892400000
1,1625690700000,1625691900000,1802.73,1800.4344630882472,1807.3210738235057,1807.3210738235057,target,2.2955369117528335,1.9868428859039364,2.0,1.9816343619725079,1625689800000
1,1625739300000,1625740080000,1799.1399999999999,1796.2440734030913,1804.931853193817,1804.931853193817,target,2.8959265969085664,2.498069186995588,2.0,1.985441965260789,1625737500000
-1,1626126300000,1626127080000,1805.21,1806.5322686107822,1802.5654627784356,1806.5622686107822,stop,1.3222686107822028,1.8296582658287017,-1.0226882796395098,-1.054572119016942,1626125400000
-1,1626389700000,1626400860000,1827.96,1830.456762255816,1822.966475488368,1830.486762255816,stop,2.4967622558160656,2.8777055556369917,-1.0120155613255084,-1.0289010296562606,1626388200000
-1,1626951300000,1626952560000,1800.67,1803.6710471036229,1794.6679057927545,1794.6679057927545,target,3.0010471036227955,2.9699486635742676,2.0,1.985951903270993,1626948900000
1,1627410000000,1627438800000,1799.01,1794.3937119672019,1808.2425760655963,1799.56,time,4.616288032798138,2.4780378875994327,0.11914334549583444,0.11001068312718115,1627408800000
1,1627659000000,1627659420000,1828.87,1826.47218575609,1833.6656284878195,1826.44218575609,stop,2.3978142439098065,2.7305527408197094,-1.0125113945236457,-1.0300936572477408,1627657200000
1,1628029800000,1628049720000,1811.12,1809.7417825183102,1813.8764349633793,1809.7117825183102,stop,1.3782174816897168,2.858335676993494,-1.0217672467506305,-1.0523567586093194,1628028900000
1,1629481800000,1629503700000,1783.19,1778.1028438049843,1793.3643123900315,1780.96,time,5.087156195015723,2.5802669779726,-0.43835886190892276,-0.4466462032807694,1629480600000
1,1629808200000,1629819780000,1803.27,1800.6110819728956,1808.5878360542088,1808.5878360542088,target,2.6589180271043915,2.9903025445936824,2.0,1.9841443024680563,1629804600000
1,1630521300000,1630550100000,1813.7599999999998,1808.4815931849923,1824.3168136300146,1813.32,time,5.278406815007429,2.9586351927081553,-0.08335848588798246,-0.09134555499378434,1630520100000
1,1630601400000,1630602300000,1812.9199999999998,1809.0041721234543,1820.751655753091,1808.9741721234543,stop,3.9158278765455634,2.51291871733679,-1.0076612151876394,-1.0184275208908389,1630601100000
-1,1631137800000,1631161020000,1791.84,1793.6973876633363,1788.1252246733272,1788.1252246733272,target,1.8573876633363398,2.1254575216053215,2.0,1.9773019920223485,1631136600000
1,1634040600000,1634046720000,1758.4699999999998,1756.3306354002518,1762.7487291994958,1762.7487291994958,target,2.139364599747978,2.1530450534393024,2.0,1.9802936815889325,1634038200000
1,1636059300000,1636074060000,1793.82,1790.7713398859435,1799.9173202281129,1790.5,stop,3.0486601140564744,2.5692374714882713,-1.0890029966582346,-1.1028316946510406,1636056000000
1,1636551600000,1636558320000,1825.52,1822.640500446726,1831.2789991065479,1822.610500446726,stop,2.879499553273945,2.8939823934156266,-1.0104184770460767,-1.0250595628389416,1636551000000
1,1638789600000,1638790920000,1782.08,1778.876872628069,1788.486254743862,1778.846872628069,stop,3.203127371931032,2.4060621985287076,-1.009365846723069,-1.0225276711230096,1638787500000
1,1644415200000,1644418860000,1826.9999999999998,1825.639529939497,1829.7209401210055,1829.7209401210055,target,1.3604700605028484,2.249824209174825,2.0,1.9690114459524253,1644414300000
1,1645107300000,1645111800000,1885.9399999999998,1882.657076184582,1892.5058476308357,1892.5058476308357,target,3.2829238154179166,2.4697785006345985,2.0,1.987158093708418,1645105500000
1,1646333100000,1646361120000,1930.01,1923.1052989951788,1943.8194020096423,1943.8194020096423,target,6.904701004821163,2.9419136957182395,2.0,1.9938941599396465,1646332200000
1,1649767200000,1649776200000,1952.4499999999998,1949.4588467772464,1958.4323064455066,1958.4323064455066,target,2.9911532227533826,2.28065552638225,2.0,1.9859054361778257,1649766600000
1,1650971100000,1650978360000,1898.9699999999998,1895.4796931897804,1905.9506136204386,1905.9506136204386,target,3.4903068102194084,1.9357598340121478,2.0,1.987921119175953,1650970800000
-1,1651591200000,1651594320000,1862.14,1865.7978965027646,1854.824206994471,1865.8278965027646,stop,3.6578965027645154,2.178661522146617,-1.0082014348895054,-1.0197269113397378,1651590900000
1,1651876800000,1651879320000,1884.12,1880.5107236828874,1891.338552634225,1880.4807236828874,stop,3.609276317112517,2.5914501416567277,-1.0083119155653821,-1.0199926505094243,1651875300000
-1,1654856400000,1654856940000,1843.91,1846.3393866433655,1839.0512267132692,1846.3693866433655,stop,2.429386643365433,2.7178407778777003,-1.0123487959736264,-1.0297025589553792,1654856100000
-1,1656702600000,1656712140000,1805.03,1809.0964324691392,1796.8971350617214,1809.1264324691392,stop,4.066432469139272,1.8788458521538955,-1.0073774740457753,-1.0177450383223126,1656702000000
1,1659045300000,1659074100000,1753.09,1750.2220571329347,1758.8258857341305,1754.45,time,2.867942867065267,2.6569081821156444,0.4742074940257787,0.4595074103929619,1659044700000
1,1659116100000,1659138900000,1758.2499999999998,1751.858838702421,1771.0323225951572,1765.8600000000001,time,6.391161297578719,2.889819044988085,1.1907069225249236,1.1841104687605708,1659114900000
-1,1660690500000,1660719300000,1776.08,1777.7432884711327,1772.7534230577344,1776.22,time,1.6632884711327733,2.2695090311209247,-0.08417060686096972,-0.10951738267989176,1660689900000
-1,1660926900000,1660930620000,1754.57,1758.3756013717564,1746.958797256487,1746.958797256487,target,3.8056013717564383,2.298049425188075,2.0,1.9889218560007662,1660926600000
1,1661360100000,1661364960000,1746.6999999999998,1742.7997257048687,1754.500548590262,1754.500548590262,target,3.900274295131112,2.4334995776665753,2.0,1.9891907602363688,1661359500000
1,1662400200000,1662402240000,1712.35,1710.3127330511218,1716.4245338977562,1710.2827330511218,stop,2.037266948878141,2.3345229494850437,-1.0147256107092362,-1.0354195114389444,1662398100000
-1,1663068600000,1663069800000,1722.5,1725.5864918512827,1716.3270162974345,1725.6164918512827,stop,3.0864918512827444,2.8983361769965295,-1.0097197729478873,-1.0233789698715658,1663065900000
1,1663184700000,1663185540000,1703.55,1701.2574407686902,1708.1351184626194,1701.2274407686903,stop,2.292559231309724,2.2353514179390714,-1.013085812392657,-1.0314753045480742,1663183800000
1,1663857600000,1663861380000,1670.4499999999998,1664.530425638062,1682.2891487238753,1682.2891487238753,target,5.919574361937748,2.4708713879284843,2.0,1.9928780352399866,1663857000000
-1,1664810400000,1664810520000,1663.93,1667.661146206643,1656.4677075867141,1667.691146206643,stop,3.7311462066429613,2.46856754761768,-1.0080404246680446,-1.0193396334540576,1664810100000
1,1665657900000,1665662520000,1669.76,1666.8837594931576,1675.5124810136847,1675.5124810136847,target,2.8762405068423504,2.707291778182442,2.0,1.9853423245032162,1665656100000
-1,1666619400000,1666622940000,1647.41,1650.5554925065635,1641.1190149868733,1650.5854925065635,stop,3.1454925065634143,2.1619618637808085,-1.0095374571509468,-1.0229404456851845,1666618200000
1,1668540900000,1668544680000,1772.27,1767.8784510756846,1781.0530978486308,1781.0530978486308,target,4.39154892431543,2.4189341472973367,2.0,1.9903999703233246,1668539700000
-1,1671113400000,1671119040000,1777.44,1781.1615104081325,1769.9969791837352,1781.1915104081324,stop,3.721510408132417,2.62984925084042,-1.0080612430733542,-1.019389707964349,1671112800000
-1,1671198600000,1671202920000,1782.56,1785.6749214139536,1776.3301571720926,1785.7049214139536,stop,3.1149214139536525,2.149386573713062,-1.0096310615945507,-1.0231655924533851,1671198300000
1,1671469200000,1671472020000,1792.55,1788.7763951132843,1800.0972097734314,1788.7463951132843,stop,3.7736048867157024,2.8244512453665713,-1.0079499579051274,-1.0191220337492128,1671468300000
-1,1671795300000,1671796440000,1796.13,1798.4715744072334,1791.4468511855334,1798.5015744072334,stop,2.341574407233338,2.5570183613212594,-1.0128118926766965,-1.0308164454552744,1671795000000
1,1672427400000,1672444500000,1818.45,1814.1343377502599,1827.0813244994804,1824.27,time,4.315662249740171,2.7724527025306327,1.3485763396684565,1.3388075029151776,1672425900000
-1,1674747300000,1674748320000,1934.33,1938.4477943577192,1926.0944112845614,1938.4777943577192,stop,4.117794357719276,2.454072004380289,-1.0072854536661682,-1.0175237017032437,1674747000000
-1,1675703700000,1675732500000,1870.27,1876.0803534428262,1858.6492931143475,1868.04,time,5.8103534428262265,2.6368335199571407,0.38379765051182824,0.37654180963831796,1675701000000
1,1675779000000,1675783920000,1870.7299999999998,1865.8507584830393,1880.4884830339208,1865.8207584830393,stop,4.879241516960519,2.883005071439152,-1.006148496625078,-1.0147889789323081,1675777500000
-1,1676583600000,1676588400000,1842.45,1845.5125149944176,1836.3249700111649,1836.3249700111649,target,3.0625149944175973,2.14890721284231,2.0,1.9862338633192498,1676582100000
1,1676905500000,1676906280000,1844.1499999999999,1842.7032057810577,1847.0435884378842,1842.6732057810577,stop,1.4467942189421592,1.8839884549519823,-1.0207354989446304,-1.0498750956115463,1676905200000
-1,1677144000000,1677154980000,1830.8500000000001,1834.0363336941298,1824.4773326117408,1824.4773326117408,target,3.186333694129644,2.996541895967653,2.0,1.9867688057664294,1677143700000
-1,1679492100000,1679507220000,1942.17,1945.8835159081902,1934.7429681836197,1945.9135159081902,stop,3.7135159081901747,2.4189779104777354,-1.0080785974105584,-1.0194314503516264,1679489100000
-1,1679946600000,1679973240000,1956.25,1959.7322952185818,1949.2854095628363,1959.7622952185818,stop,3.4822952185818394,2.0211212169694313,-1.008615007665028,-1.0207216779367028,1679944500000
1,1680705000000,1680708720000,2024.2199999999998,2021.413890210883,2029.8322195782334,2029.8322195782334,target,2.8061097891168174,2.91969196363578,2.0,1.9849759976735377,1680703200000
-1,1682592300000,1682609460000,2000.42,2003.5167897094002,1994.2264205811998,1994.2264205811998,target,3.0967897094001273,2.2639054669929837,2.0,1.986386224459469,1682591400000
-1,1682694900000,1682695980000,1981.88,1984.9727376842404,1975.6945246315195,1985.0027376842404,stop,3.092737684240319,2.7433042509939676,-1.0097001437117812,-1.02333175566996,1682692200000
1,1682936700000,1682940660000,1981.2499999999998,1978.8518878522655,1986.0462242954684,1978.8218878522655,stop,2.3981121477343095,2.4442560917372136,-1.012509840304306,-1.0300899188839634,1682936100000
1,1683546900000,1683563880000,2022.9499999999998,2019.825024342906,2029.1999513141873,2019.7950243429061,stop,3.124975657093728,2.9768574387673574,-1.0096000747819818,-1.023091059873113,1683544500000
1,1683808800000,1683814860000,2026.27,2021.446609751243,2035.916780497514,2035.916780497514,target,4.82339024875705,2.9520673880204003,2.0,1.991259467340246,1683807300000
-1,1684363200000,1684383960000,1982.1000000000001,1984.7207164822107,1976.858567035579,1984.7507164822107,stop,2.6207164822105824,2.8889088491374504,-1.0114472512397326,-1.0275340734069434,1684360800000
-1,1687385100000,1687413900000,1934.82,1937.833542879453,1928.7929142410937,1933.17,time,3.013542879453098,2.654101158940002,0.5475282967598948,0.5335384510246812,1687383900000
1,1687529100000,1687533900000,1918.59,1916.450561654732,1922.868876690536,1922.868876690536,target,2.1394383452679904,2.392081761860073,2.0,1.9802943608572563,1687527000000
-1,1688394900000,1688397900000,1912.25,1914.5117764897993,1907.7264470204013,1914.5417764897993,stop,2.261776489799331,2.7658028552555933,-1.013263910088054,-1.0319036829348132,1688392800000
1,1689160800000,1689171660000,1935.3000000000002,1933.614617089201,1938.6707658215987,1933.584617089201,stop,1.6853829107992624,1.9739112839160167,-1.0178001092854,-1.0428146028641958,1689160500000
-1,1689632400000,1689651420000,1955.15,1956.5510315679921,1952.347936864016,1956.581031567992,stop,1.4010315679920495,2.295585078474395,-1.021412793748087,-1.0515041928023012,1689632100000
1,1690464000000,1690471560000,1976.6000000000001,1973.4833853615526,1982.8332292768953,1973.4533853615526,stop,3.1166146384475724,2.923252082295931,-1.0096258291384128,-1.0231530068266368,1690462800000
1,1692915900000,1692918780000,1918.1999999999998,1916.6438885472178,1921.3122229055639,1916.6138885472178,stop,1.5561114527820337,2.3537698648154186,-1.019278824756632,-1.0463713571871514,1692914400000
1,1695399000000,1695426900000,1926.4799999999998,1924.0536348414269,1931.3327303171457,1925.06,time,2.426365158572935,2.809425928994244,-0.5852375496666864,-0.6026129228049967,1695397500000
1,1697739300000,1697746800000,1954.6799999999998,1949.5460892496706,1964.9478215006584,1964.9478215006584,target,5.133910750329278,2.7915229213815818,2.0,1.991788131494632,1697737500000
-1,1698766500000,1698771240000,1998.42,2001.7144929251483,1991.8310141497036,2001.7444929251483,stop,3.2944929251482336,2.8774641934214826,-1.0091061054558563,-1.021902915452983,1698765300000
1,1701111000000,1701139800000,2009.59,2005.5229761788216,2017.7240476423565,2017.24,time,4.067023821178282,2.2974443744953454,1.8809823439351687,1.870616287119749,1701110700000
-1,1702372800000,1702375140000,1986.6200000000001,1989.0777700625874,1981.7044598748255,1989.1077700625874,stop,2.457770062587315,2.8002373362077697,-1.0122061865984289,-1.0293595406252163,1702372500000
1,1704213300000,1704213780000,2069.01,2064.4758353841326,2078.0783292317356,2064.4458353841324,stop,4.534164615867667,2.3352167415289005,-1.0066164337958117,-1.0159145082090038,1704213000000
1,1706029800000,1706058600000,2025.7499999999998,2021.1999471405077,2034.850105718984,2029.4,time,4.550052859492098,2.5270650365228797,0.8021884827966046,0.7929228761538049,1706028300000
1,1709237100000,1709249880000,2046.1999999999998,2043.149551447731,2052.3008971045374,2043.119551447731,stop,3.05044855226879,2.5325738622906715,-1.0098346192325256,-1.0236552096400064,1709235900000
-1,1710274500000,1710303300000,2161.4199999999996,2166.843628880008,2150.5727422399827,2158.88,time,5.423628880008437,2.8010433566445845,0.4683211289330618,0.46054792008475764,1710273600000
-1,1713436500000,1713446760000,2376.18,2381.2498660778924,2366.0402678442147,2381.2798660778926,stop,5.069866077892584,2.984625383002698,-1.0059173160669896,-1.0142329203358749,1713435300000
1,1715078400000,1715080200000,2321.37,2317.6329950909662,2328.844009818067,2317.602995090966,stop,3.737004909033658,2.5420953174937604,-1.008027819264481,-1.0193093136767806,1715077800000
1,1716584700000,1716594900000,2334.9500000000003,2331.783052971908,2341.2838940561846,2333.7799999999997,time,3.1669470280921814,2.155162352866477,-0.3694409756848235,-0.3827531655086606,1716584400000
-1,1717072800000,1717077420000,2332.83,2338.3020477812734,2321.885904437453,2338.3320477812736,stop,5.472047781273432,2.8493158030730976,-1.0054824082682294,-1.013186836607521,1717071300000
-1,1718020800000,1718027580000,2292.6,2297.789709358982,2282.220581282036,2297.819709358982,stop,5.189709358981872,2.8878347729785854,-1.005780670539532,-1.013904246848682,1718018100000
1,1718205600000,1718206260000,2314.51,2311.4944251067673,2320.541149786466,2320.541149786466,target,3.0155748932329516,2.6091954825847856,2.0,1.9860195811768409,1718205300000
1,1718391900000,1718409300000,2328.51,2323.7614781249968,2338.007043750007,2332.66,time,4.748521875003462,1.9107057980069775,0.8739561718869855,0.8650778301398562,1718391600000
-1,1719407100000,1719410460000,2314.99,2318.6404532880774,2307.6890934238445,2307.6890934238445,target,3.6504532880776424,2.5990514982230324,2.0,1.9884510232913566,1719405900000
-1,1721910300000,1721914680000,2371.8599999999997,2377.914373203189,2359.751253593621,2377.944373203189,stop,6.054373203189243,2.96241048665837,-1.004955095927089,-1.0119184922333808,1721908800000
1,1722439800000,1722444960000,2420.4700000000003,2417.119782835001,2427.170434329999,2427.170434329999,target,3.3502171649993215,1.9682017175039428,2.0,1.9874160396405203,1722438900000
-1,1724772300000,1724777760000,2510.08,2514.542332749413,2501.1553345011735,2514.5723327494134,stop,4.462332749413235,2.929332508340267,-1.00672294104561,-1.0161706900969427,1724771700000
-1,1724784000000,1724791260000,2512.64,2520.6332162541935,2496.6535674916126,2520.6632162541937,stop,7.993216254193612,2.82230138130989,-1.0037531825795982,-1.0090275300586722,1724783400000
1,1725971700000,1725983760000,2503.61,2499.822413907543,2511.185172184915,2511.185172184915,target,3.7875860924573317,2.7528844120878944,2.0,1.9888691639025826,1725968700000
1,1726236900000,1726238280000,2568.2400000000002,2565.4554198805504,2573.8091602389,2565.42541988055,stop,2.7845801194498563,1.801383081704331,-1.010773617103223,-1.0259137812182815,1726236000000
1,1726526100000,1726546560000,2582.02,2579.4621252124507,2587.1357495750985,2579.4321252124505,stop,2.557874787549281,2.6134154173952964,-1.0117284865335192,-1.0282105286589638,1726525800000
-1,1727692500000,1727697960000,2657.3599999999997,2660.9509513238622,2650.1780973522746,2650.1780973522746,target,3.590951323862555,2.100569473657592,2.0,1.9882596570664033,1727692200000
1,1728684000000,1728685860000,2658.7000000000003,2655.954170497936,2664.1916590041287,2655.924170497936,stop,2.7458295020642254,2.182182601871382,-1.010925660161218,-1.0262794903856751,1728683100000
-1,1730891100000,1730901360000,2722.37,2734.3211374359357,2698.467725128128,2698.467725128128,target,11.951137435935834,2.8378235740050335,2.0,1.9964723859778204,1730889000000
-1,1731009900000,1731013440000,2697.4599999999996,2700.728533045481,2690.9229339090366,2690.9229339090366,target,3.2685330454814903,1.5673933298869023,2.0,1.9871015530779836,1731009600000
-1,1731431100000,1731459900000,2606.62,2617.495129983117,2584.869740033766,2598.13,time,10.875129983116949,2.978426994761682,0.780680324113831,0.7768036807941237,1731429900000
-1,1731492300000,1731494040000,2604.45,2607.744267095062,2597.861465809876,2607.774267095062,stop,3.2942670950619686,2.135430821291808,-1.0091067297017808,-1.021904416951608,1731489300000
-1,1731500100000,1731506460000,2607.5499999999997,2612.028194743001,2598.5936105139967,2612.0581947430014,stop,4.478194743001495,2.3795535792225033,-1.0066991280464264,-1.0161134126900064,1731498300000
1,1731702300000,1731714900000,2565.1200000000003,2559.261263154518,2576.837473690965,2561.68,time,5.858736845482326,2.561343728049161,-0.5871572816336843,-0.5943532013535653,1731701700000
1,1733756700000,1733761680000,2658.03,2653.1456901510296,2667.7986196979414,2667.7986196979414,target,4.884309848970588,2.513670755674093,2.0,1.9913684837154864,1733756400000
1,1737564600000,1737590340000,2757.03,2750.176794472998,2770.7364110540043,2756.0099999999998,time,6.853205527002046,2.5084432230245617,-0.14883546042528195,-0.15498718020573957,1737564300000
-1,1738068600000,1738076400000,2741.5699999999997,2745.497258210674,2733.7154835786514,2745.527258210674,stop,3.927258210674154,2.4973311052191374,-1.007638917125098,-1.0183738873609263,1738066500000
1,1738322100000,1738326840000,2795.0,2791.28754333934,2802.4249133213198,2791.25754333934,stop,3.712456660659882,2.152689636024667,-1.008080902416479,-1.0194369945822812,1738321200000
1,1738329300000,1738333200000,2795.25,2790.6706145494395,2804.408770901121,2804.408770901121,target,4.579385450560494,2.703529397245705,2.0,1.990793742860226,1738327500000
1,1738351200000,1738354740000,2811.3,2802.5191526895946,2828.8616946208112,2802.4891526895944,stop,8.780847310405534,2.8248104508138625,-1.003416526781493,-1.0082177718674927,1738350900000
1,1739205000000,1739231940000,2904.65,2896.067798592483,2921.814402815034,2907.7599999999998,time,8.582201407517005,2.7489310428716434,0.36237788561751494,0.35746550964331864,1739204100000
1,1739547300000,1739547720000,2932.4500000000003,2925.824140202115,2945.701719595771,2925.7941402021147,stop,6.625859797885369,2.58964474007249,-1.0045277142763833,-1.0108905111489424,1739546100000
-1,1740674400000,1740674940000,2884.62,2892.929183179753,2868.0016336404933,2868.0016336404933,target,8.30918317975329,2.1913374915924817,2.0,1.9949262160806938,1740673800000
1,1741707600000,1741709100000,2914.3900000000003,2910.3052462619357,2922.5595074761295,2910.2752462619355,stop,4.084753738064592,2.337434256519986,-1.007344384000592,-1.0176654468365551,1741707000000
1,1741791000000,1741792140000,2916.34,2912.4375240256077,2924.144951948785,2912.4075240256075,stop,3.9024759743924733,2.2626200478890794,-1.0076874272121228,-1.0184905686732468,1741790700000
1,1746636300000,1746638340000,3393.2000000000003,3380.5855863682164,3418.428827263568,3380.555586368216,stop,12.614413631783918,2.8384398518888405,-1.0023782318287557,-1.0057203610176841,1746635400000
1,1748961300000,1748963220000,3358.98,3353.2999921890755,3370.340015621849,3353.2699921890753,stop,5.680007810924508,2.8398929945142206,-1.0052816828777067,-1.0127040318256983,1748960100000
1,1749593400000,1749608460000,3325.03,3318.970738196094,3337.148523607813,3318.9407381960937,stop,6.059261803906338,2.76348260205762,-1.004951098165268,-1.011908876416873,1749592800000
1,1751408100000,1751424780000,3339.38,3336.707858673494,3344.724282653013,3336.6778586734936,stop,2.6721413265063347,1.6480322346467249,-1.0112269510982128,-1.027004185476426,1751407200000
1,1751637000000,1751650800000,3337.4700000000003,3331.216271464982,3349.9774570700365,3331.186271464982,stop,6.253728535018126,2.9260147852953855,-1.0047971381923941,-1.0115385564941204,1751636700000
-1,1755179400000,1755191160000,3352.72,3359.533518770896,3339.0929624582072,3339.0929624582072,target,6.81351877089628,2.6875796008333173,2.0,1.9938124482491952,1755179100000
-1,1755799500000,1755828300000,3341.89,3348.5285300757314,3328.612939848537,3338.85,time,6.6385300757315235,2.30081042986795,0.4579326997573292,0.45158204689908266,1755798300000
-1,1755872400000,1755876840000,3328.62,3331.956545814656,3321.946908370688,3321.946908370688,target,3.336545814655892,2.4435357634811274,2.0,1.9873644774140924,1755871200000
1,1756152900000,1756154340000,3374.32,3371.4284096618558,3380.103180676289,3371.3984096618556,stop,2.891590338144397,2.197418426703415,-1.010374913626061,-1.0249547797446668,1756151100000
1,1757074800000,1757086260000,3550.9700000000003,3544.475644878955,3563.958710242091,3563.958710242091,target,6.494355121045373,2.8946765693599628,2.0,1.9935083623832979,1757071800000
-1,1757948400000,1757951280000,3642.5299999999997,3647.042543842117,3633.504912315765,3647.0725438421173,stop,4.5125438421173385,2.123112011699166,-1.006648134854713,-1.0159907587659784,1757947500000
1,1758039900000,1758045960000,3691.6,3684.623242677298,3705.5535146454035,3684.593242677298,stop,6.976757322701815,2.3509975286116864,-1.0042999919034854,-1.010342770525413,1758039300000
1,1759764000000,1759764120000,3940.57,3930.6744186919705,3960.3611626160596,3930.6444186919703,stop,9.895581308029705,2.566405866146861,-1.0030316561570625,-1.0072920425545537,1759762800000
1,1760114100000,1760115420000,3995.3,3978.7688804364248,4028.362239127151,3978.7388804364246,stop,16.53111956357543,2.946095740850967,-1.0018147591205075,-1.00436504011254,1760112000000
1,1761233700000,1761262500000,4118.79,4099.2940868226115,4157.781826354777,4113.01,time,19.495913177388502,2.8423295863216653,-0.2964723912857506,-0.29863484449409256,1761233400000
1,1762539000000,1762540740000,3997.77,3983.3352601524425,4026.639479695115,4026.639479695115,target,14.434739847557466,2.917642457713344,2.0,1.9970793377334657,1762538400000
-1,1763484900000,1763510340000,4061.3799999999997,4082.8529937047792,4018.4340125904405,4067.9400000000005,time,21.472993704779583,2.9294922404879595,-0.3055000197080434,-0.30746336960604187,1763484300000
-1,1764241500000,1764270300000,4159.6,4167.659783327432,4143.4804333451375,4155.929999999999,time,8.059783327431433,2.6017485815837893,0.4553472284434937,0.45011644266585227,1764241200000
-1,1765206300000,1765213260000,4208.610000000001,4216.052936747525,4193.724126504952,4193.724126504952,target,7.442936747524072,2.3784157042584733,2.0,1.9943357035764109,1765206000000
1,1766743500000,1766754360000,4513.67,4506.841381266197,4527.327237467607,4506.811381266197,stop,6.828618733803523,2.0166098482173798,-1.0043932750046853,-1.0105671443688222,1766743200000
1,1767821700000,1767841260000,4455.78,4444.803895397102,4477.732209205796,4444.773895397102,stop,10.976104602897976,2.5168513540015827,-1.0027332101036852,-1.0065741902624263,1767821400000
1,1768399500000,1768404660000,4634.839999999999,4625.56685773222,4653.386284535557,4625.536857732221,stop,9.273142267778894,2.358724316299718,-1.003235149330555,-1.0077815046848222,1768399200000
1,1768821600000,1768826700000,4671.53,4661.400105384928,4691.7897892301435,4661.370105384928,stop,10.129894615071862,2.9803045314324166,-1.0029615313031104,-1.007123371243407,1768820400000
-1,1770387900000,1770390060000,4879.0,4904.6666901159,4827.666619768201,4904.696690115899,stop,25.666690115899655,2.4758305034693096,-1.0011688301009705,-1.0028113870418782,1770387300000
1,1771423500000,1771426800000,4919.01,4905.861563991245,4945.306872017511,4945.306872017511,target,13.148436008755198,2.9320651669443905,2.0,1.9967936110445432,1771423200000
1,1772014800000,1772017440000,5192.509999999999,5179.776399174804,5217.977201650389,5179.7463991748045,stop,12.733600825195026,2.5285107148592796,-1.0023559714499912,-1.0056668181286923,1772013600000
1,1772221800000,1772235600000,5236.5,5220.185048316625,5269.129903366749,5269.129903366749,target,16.314951683374602,2.105286307957444,2.0,1.997415928602292,1772221500000
1,1773242100000,1773243420000,5191.66,5175.021776588058,5224.936446823884,5174.991776588058,stop,16.638223411941908,2.8285551159939226,-1.0018030771228985,-1.004336941403729,1773241200000
-1,1773681900000,1773685800000,5021.56,5038.931504081295,4986.816991837411,4986.816991837411,target,17.371504081294916,2.2516412424079966,2.0,1.9975730944308159,1773681300000
-1,1774290000000,1774318800000,4441.17,4514.959138196175,4293.591723607649,4437.04,time,73.78913819617537,2.952583346895048,0.0559702972681442,0.0553989530157162,1774287000000
1,1776088200000,1776091320000,4721.62,4707.850288760365,4749.159422479269,4707.820288760366,stop,13.76971123963449,2.9315268781658443,-1.0021786949252351,-1.0052404149036942,1776087000000
1,1778268600000,1778284500000,4717.929999999999,4701.261761215692,4751.266477568614,4715.17,time,16.668238784307505,2.6531693363452455,-0.16558438091238176,-0.168113682330819,1778266800000
-1,1779805200000,1779806160000,4530.04,4541.212296710953,4507.695406578095,4507.695406578095,target,11.17229671095265,2.58440474514229,2.0,1.9962264697142647,1779804000000
-1,1779965700000,1779970920000,4385.67,4396.837030153434,4363.335939693132,4396.867030153434,stop,11.167030153434098,2.079404681846371,-1.0026864797164106,-1.0064617896619144,1779964200000
1,1780056300000,1780059060000,4519.0,4509.479161458729,4538.041677082541,4538.041677082541,target,9.520838541270678,2.2098390996283257,2.0,1.9955719236475598,1780056000000
1,1780610700000,1780624200000,4481.49,4472.320045124107,4499.829909751785,4472.290045124108,stop,9.169954875892472,2.866015043620797,-1.003271553721449,-1.0078690681662403,1780609500000
1,1781622900000,1781626980000,4344.63,4334.529154755404,4364.831690489192,4334.499154755405,stop,10.100845244595803,2.5843592532470114,-1.0029700484734974,-1.0071438575933387,1781621100000
-1,1782765900000,1782790680000,4021.8999999999996,4032.7460192964686,4000.2079614070617,4000.2079614070617,target,10.846019296468967,2.607095244987279,2.0,1.9961129517800391,1782764100000
-1,1782918900000,1782922980000,4022.1699999999996,4036.2850018865634,3993.939996226872,4036.3150018865636,stop,14.115001886563732,2.4982220807109483,-1.0021253982281615,-1.005112220358177,1782918000000
-1,1783376100000,1783386180000,4159.27,4167.831259592017,4142.147480815967,4167.861259592017,stop,8.56125959201654,2.6649039607695966,-1.0035041572653305,-1.0084285494703413,1783374300000
1,1784201400000,1784211960000,4032.36,4022.5541424606945,4051.9717150786114,4022.5241424606943,stop,9.805857539305634,2.8352302393056488,-1.0030593958641505,-1.0073587648720124,1784198700000
1,1786447800000,1786460940000,4369.13,4356.174381231875,4395.041237536251,4395.041237536251,target,12.955618768125532,2.3744818772686087,2.0,1.9967458906629976,1786444200000
-1,1787069400000,1787071020000,4389.25,4401.468143997843,4364.813712004314,4401.498143997843,stop,12.218143997843072,2.6099114917945485,-1.0024553647432082,-1.0059058888168682,1787067000000
-1,1787226600000,1787237340000,4488.150000000001,4499.218275297219,4466.013449405563,4466.013449405563,target,11.068275297218861,2.850625671136737,2.0,1.9961910054757497,1787225400000
-1,1787758500000,1787761020000,4623.240000000001,4634.227209839811,4601.265580320381,4601.265580320381,target,10.98720983981002,2.124323435888333,2.0,1.9961629020820877,1787758200000
-1,1788966600000,1788970800000,4403.4400000000005,4415.825746324655,4378.668507350692,4415.855746324654,stop,12.385746324654065,2.9791595475862875,-1.002422139063193,-1.0058259710887274,1788966000000
1,1789045500000,1789047180000,4398.37,4387.884992300735,4419.34001539853,4387.854992300735,stop,10.485007699265225,2.654380590245229,-1.0028612282279818,-1.006882112256799,1789044300000
-1,1789493700000,1789506780000,4283.83,4301.214440882153,4249.061118235693,4301.244440882153,stop,17.384440882153285,2.9245029075387072,-1.0017256810387583,-1.0041507806025458,1789491600000
1,1789590900000,1789592400000,4349.19,4341.460486063487,4364.649027873024,4364.649027873024,target,7.729513936512376,2.149990070338869,2.0,1.994545711367328,1789589700000
-1,1790098500000,1790110380000,4325.01,4344.9821911457,4285.0656177086,4345.0121911457,stop,19.97219114569998,2.885357790223534,-1.001502088568094,-1.0036129736328547,1790096400000
